file,bug,bf,loc,hcm
org::eclipse::jdt::core::BindingKey,0,7,82,17.6471
org::eclipse::jdt::core::BufferChangedEvent,0,0,18,6.70304
org::eclipse::jdt::core::CheckDebugAttributes,0,3,50,10.4982
org::eclipse::jdt::core::ClasspathContainerInitializer,0,4,69,7.05208
org::eclipse::jdt::core::ClasspathVariableInitializer,0,0,3,4.07501
org::eclipse::jdt::core::compiler::batch::BatchCompiler,0,1,6,2.2601
org::eclipse::jdt::core::compiler::BuildContext,0,3,56,3.92315
org::eclipse::jdt::core::compiler::CategorizedProblem,0,4,6,8.58795
org::eclipse::jdt::core::compiler::CharOperation,0,20,845,27.6193
org::eclipse::jdt::core::compiler::CompilationParticipant,1,5,24,12.3914
org::eclipse::jdt::core::compiler::CompilationProgress,0,1,0,0
org::eclipse::jdt::core::compiler::InvalidInputException,0,1,3,7.82241
org::eclipse::jdt::core::compiler::ReconcileContext,0,4,44,7.99162
org::eclipse::jdt::core::CompletionContext,1,14,123,10.2625
org::eclipse::jdt::core::CompletionFlags,0,1,6,0
org::eclipse::jdt::core::CompletionProposal,1,19,347,20.2197
org::eclipse::jdt::core::CompletionRequestor,0,10,79,13.4356
org::eclipse::jdt::core::CompletionRequestorAdapter,0,0,42,5.07933
org::eclipse::jdt::core::CorrectionEngine,1,6,128,13.0232
org::eclipse::jdt::core::dom::AbstractTypeDeclaration,0,6,61,4.13346
org::eclipse::jdt::core::dom::Annotation,0,5,53,7.93371
org::eclipse::jdt::core::dom::AnnotationBinding,2,11,190,10.0587
org::eclipse::jdt::core::dom::AnnotationTypeDeclaration,0,6,98,6.84846
org::eclipse::jdt::core::dom::AnnotationTypeMemberDeclaration,0,8,170,6.84846
org::eclipse::jdt::core::dom::AnonymousClassDeclaration,0,7,53,7.95479
org::eclipse::jdt::core::dom::ArrayAccess,0,8,109,7.95479
org::eclipse::jdt::core::dom::ArrayCreation,0,9,110,9.64599
org::eclipse::jdt::core::dom::ArrayInitializer,0,5,45,7.95479
org::eclipse::jdt::core::dom::ArrayType,0,9,87,7.95479
org::eclipse::jdt::core::dom::AssertStatement,0,8,98,7.95479
org::eclipse::jdt::core::dom::Assignment,0,9,132,7.95479
org::eclipse::jdt::core::dom::AST,0,66,804,24.6967
org::eclipse::jdt::core::dom::ASTConverter,1,196,1947,37.2855
org::eclipse::jdt::core::dom::ASTMatcher,0,11,52,7.97103
org::eclipse::jdt::core::dom::ASTNode,0,26,657,14.5995
org::eclipse::jdt::core::dom::ASTParser,1,38,426,28.8029
org::eclipse::jdt::core::dom::ASTRecoveryPropagator,0,7,261,8.11626
org::eclipse::jdt::core::dom::ASTRequestor,0,2,20,2.96868
org::eclipse::jdt::core::dom::ASTSyntaxErrorPropagator,0,6,62,6.89725
org::eclipse::jdt::core::dom::ASTVisitor,0,5,15,7.97103
org::eclipse::jdt::core::dom::BindingComparator,0,19,3,18.3087
org::eclipse::jdt::core::dom::BindingResolver,0,23,105,14.6512
org::eclipse::jdt::core::dom::Block,0,5,47,7.95479
org::eclipse::jdt::core::dom::BlockComment,0,3,31,7.95479
org::eclipse::jdt::core::dom::BodyDeclaration,0,6,74,2.96868
org::eclipse::jdt::core::dom::BooleanLiteral,0,5,52,7.95479
org::eclipse::jdt::core::dom::BreakStatement,0,6,59,7.95479
org::eclipse::jdt::core::dom::CastExpression,0,8,106,7.95479
org::eclipse::jdt::core::dom::CatchClause,0,8,107,7.95479
org::eclipse::jdt::core::dom::CharacterLiteral,1,9,220,14.7589
org::eclipse::jdt::core::dom::ChildListPropertyDescriptor,0,1,14,6.70304
org::eclipse::jdt::core::dom::ChildPropertyDescriptor,0,1,18,6.70304
org::eclipse::jdt::core::dom::ClassInstanceCreation,0,14,208,9.64335
org::eclipse::jdt::core::dom::Comment,0,0,24,4.07501
org::eclipse::jdt::core::dom::CompilationUnit,0,38,344,21.3966
org::eclipse::jdt::core::dom::CompilationUnitResolver,0,54,282,29.1299
org::eclipse::jdt::core::dom::ConditionalExpression,0,8,141,7.95479
org::eclipse::jdt::core::dom::ConstructorInvocation,0,7,76,6.84846
org::eclipse::jdt::core::dom::ContinueStatement,0,6,59,7.95479
org::eclipse::jdt::core::dom::DefaultASTVisitor,0,7,15,7.76307
org::eclipse::jdt::core::dom::DefaultBindingResolver,1,110,1106,31.5924
org::eclipse::jdt::core::dom::DefaultCommentMapper,0,24,393,12.8915
org::eclipse::jdt::core::dom::DefaultValuePairBinding,0,5,20,1.66466
org::eclipse::jdt::core::dom::DocCommentParser,1,36,638,16.6898
org::eclipse::jdt::core::dom::DoStatement,0,10,106,7.95479
org::eclipse::jdt::core::dom::EmptyStatement,0,5,29,7.95479
org::eclipse::jdt::core::dom::EnhancedForStatement,0,5,141,6.84846
org::eclipse::jdt::core::dom::EnumConstantDeclaration,0,9,141,8.43242
org::eclipse::jdt::core::dom::EnumDeclaration,0,8,118,6.84846
org::eclipse::jdt::core::dom::Expression,0,2,15,2.96868
org::eclipse::jdt::core::dom::ExpressionStatement,0,8,72,7.95479
org::eclipse::jdt::core::dom::FieldAccess,0,10,109,7.95479
org::eclipse::jdt::core::dom::FieldDeclaration,0,13,136,8.43242
org::eclipse::jdt::core::dom::ForStatement,0,11,117,7.95479
org::eclipse::jdt::core::dom::IfStatement,0,10,128,7.95479
org::eclipse::jdt::core::dom::ImportDeclaration,0,10,121,8.43242
org::eclipse::jdt::core::dom::InfixExpression,0,11,158,7.95479
org::eclipse::jdt::core::dom::Initializer,0,11,125,6.84846
org::eclipse::jdt::core::dom::InstanceofExpression,0,8,106,7.95479
org::eclipse::jdt::core::dom::InternalASTRewrite,0,3,163,7.06348
org::eclipse::jdt::core::dom::Javadoc,0,8,108,6.84846
org::eclipse::jdt::core::dom::LabeledStatement,0,9,107,7.95479
org::eclipse::jdt::core::dom::LineComment,0,3,31,7.95479
org::eclipse::jdt::core::dom::MarkerAnnotation,0,4,54,5.59671
org::eclipse::jdt::core::dom::MemberRef,0,3,95,6.70304
org::eclipse::jdt::core::dom::MemberValuePair,0,6,109,8.03932
org::eclipse::jdt::core::dom::MemberValuePairBinding,0,6,152,3.42644
org::eclipse::jdt::core::dom::Message,0,2,27,5.26021
org::eclipse::jdt::core::dom::MethodBinding,0,59,290,34.7321
org::eclipse::jdt::core::dom::MethodDeclaration,0,15,319,7.18067
org::eclipse::jdt::core::dom::MethodInvocation,0,11,137,8.63149
org::eclipse::jdt::core::dom::MethodRef,0,3,109,6.70304
org::eclipse::jdt::core::dom::MethodRefParameter,0,5,121,5.59671
org::eclipse::jdt::core::dom::Modifier,0,6,96,7.27499
org::eclipse::jdt::core::dom::Name,0,2,22,6.70304
org::eclipse::jdt::core::dom::NodeEventHandler,0,2,43,6.44569
org::eclipse::jdt::core::dom::NodeSearcher,0,1,11,4.07501
org::eclipse::jdt::core::dom::NormalAnnotation,0,4,67,5.59671
org::eclipse::jdt::core::dom::NullLiteral,0,5,31,7.95479
org::eclipse::jdt::core::dom::NumberLiteral,0,7,97,10.8068
org::eclipse::jdt::core::dom::PackageBinding,0,18,155,19.5611
org::eclipse::jdt::core::dom::PackageDeclaration,0,11,130,9.21914
org::eclipse::jdt::core::dom::ParameterizedType,0,6,88,6.78585
org::eclipse::jdt::core::dom::ParenthesizedExpression,0,8,71,7.95479
org::eclipse::jdt::core::dom::PostfixExpression,0,8,96,7.95479
org::eclipse::jdt::core::dom::PrefixExpression,0,8,97,7.95479
org::eclipse::jdt::core::dom::PrimitiveType,0,7,59,7.95479
org::eclipse::jdt::core::dom::QualifiedName,0,14,110,6.36941
org::eclipse::jdt::core::dom::QualifiedType,0,6,107,6.78585
org::eclipse::jdt::core::dom::RecoveredTypeBinding,0,10,402,7.87568
org::eclipse::jdt::core::dom::RecoveredVariableBinding,0,4,87,2.38353
org::eclipse::jdt::core::dom::ReturnStatement,0,6,60,7.95479
org::eclipse::jdt::core::dom::rewrite::ASTRewrite,1,13,281,22.3224
org::eclipse::jdt::core::dom::rewrite::ImportRewrite,0,7,356,8.98775
org::eclipse::jdt::core::dom::rewrite::ListRewrite,0,3,128,8.43424
org::eclipse::jdt::core::dom::rewrite::TargetSourceRangeComputer,0,2,11,5.76357
org::eclipse::jdt::core::dom::SimpleName,0,13,124,10.6043
org::eclipse::jdt::core::dom::SimplePropertyDescriptor,0,1,14,6.70304
org::eclipse::jdt::core::dom::SimpleType,0,9,72,7.95479
org::eclipse::jdt::core::dom::SingleMemberAnnotation,0,5,87,5.59671
org::eclipse::jdt::core::dom::SingleVariableDeclaration,0,13,257,6.84846
org::eclipse::jdt::core::dom::Statement,0,7,48,4.07501
org::eclipse::jdt::core::dom::StringLiteral,1,10,166,11.4275
org::eclipse::jdt::core::dom::StructuralPropertyDescriptor,0,1,44,6.70304
org::eclipse::jdt::core::dom::SuperConstructorInvocation,0,8,101,6.84846
org::eclipse::jdt::core::dom::SuperFieldAccess,0,10,96,7.95479
org::eclipse::jdt::core::dom::SuperMethodInvocation,0,11,136,8.63149
org::eclipse::jdt::core::dom::SwitchCase,0,9,75,7.95479
org::eclipse::jdt::core::dom::SwitchStatement,0,9,86,9.21692
org::eclipse::jdt::core::dom::SynchronizedStatement,0,8,106,7.95479
org::eclipse::jdt::core::dom::TagElement,0,9,70,7.95479
org::eclipse::jdt::core::dom::TextElement,0,5,63,10.4485
org::eclipse::jdt::core::dom::ThisExpression,0,8,59,7.95479
org::eclipse::jdt::core::dom::ThrowStatement,0,8,72,7.95479
org::eclipse::jdt::core::dom::TryStatement,0,8,108,7.95479
org::eclipse::jdt::core::dom::Type,0,2,24,2.96868
org::eclipse::jdt::core::dom::TypeBinding,1,89,952,33.5493
org::eclipse::jdt::core::dom::TypeDeclaration,0,18,303,10.2923
org::eclipse::jdt::core::dom::TypeDeclarationStatement,0,12,123,9.21914
org::eclipse::jdt::core::dom::TypeLiteral,0,8,72,7.95479
org::eclipse::jdt::core::dom::TypeParameter,0,5,91,8.43242
org::eclipse::jdt::core::dom::VariableBinding,0,32,232,20.5304
org::eclipse::jdt::core::dom::VariableDeclaration,0,3,15,4.07501
org::eclipse::jdt::core::dom::VariableDeclarationExpression,0,11,156,6.84846
org::eclipse::jdt::core::dom::VariableDeclarationFragment,0,10,127,7.95479
org::eclipse::jdt::core::dom::VariableDeclarationStatement,0,11,155,6.84846
org::eclipse::jdt::core::dom::WhileStatement,0,9,106,7.95479
org::eclipse::jdt::core::dom::WildcardType,0,4,80,6.84846
org::eclipse::jdt::core::ElementChangedEvent,0,0,10,7.70736
org::eclipse::jdt::core::Flags,0,2,95,7.83265
org::eclipse::jdt::core::formatter::CodeFormatter,0,13,3,10.425
org::eclipse::jdt::core::formatter::CodeFormatterApplication,0,6,200,12.4195
org::eclipse::jdt::core::formatter::DefaultCodeFormatterConstants,2,62,177,26.6608
org::eclipse::jdt::core::formatter::IndentManipulation,0,3,235,6.49924
org::eclipse::jdt::core::JavaConventions,1,24,219,18.7552
org::eclipse::jdt::core::JavaCore,4,172,1058,45.5046
org::eclipse::jdt::core::JavaModelException,0,3,52,6.00951
org::eclipse::jdt::core::jdom::DOMException,0,1,3,4.07501
org::eclipse::jdt::core::jdom::DOMFactory,0,3,52,8.22982
org::eclipse::jdt::core::JDTCompilerAdapter,0,30,21,15.5832
org::eclipse::jdt::core::NamingConventions,2,9,142,9.2993
org::eclipse::jdt::core::search::FieldDeclarationMatch,0,0,3,4.07501
org::eclipse::jdt::core::search::FieldReferenceMatch,1,3,11,6.22874
org::eclipse::jdt::core::search::LocalVariableDeclarationMatch,0,0,3,4.07501
org::eclipse::jdt::core::search::LocalVariableReferenceMatch,0,2,12,4.07501
org::eclipse::jdt::core::search::MethodDeclarationMatch,0,0,3,4.07501
org::eclipse::jdt::core::search::MethodReferenceMatch,1,9,13,9.97058
org::eclipse::jdt::core::search::PackageDeclarationMatch,0,0,3,4.07501
org::eclipse::jdt::core::search::PackageReferenceMatch,1,2,3,6.65039
org::eclipse::jdt::core::search::ReferenceMatch,1,1,10,0
org::eclipse::jdt::core::search::SearchDocument,1,2,16,4.07501
org::eclipse::jdt::core::search::SearchEngine,0,41,54,23.9899
org::eclipse::jdt::core::search::SearchMatch,0,13,111,8.50274
org::eclipse::jdt::core::search::SearchParticipant,0,11,30,13.6626
org::eclipse::jdt::core::search::SearchPattern,1,37,1126,28.279
org::eclipse::jdt::core::search::SearchRequestor,0,1,12,4.07501
org::eclipse::jdt::core::search::TypeDeclarationMatch,0,0,3,4.07501
org::eclipse::jdt::core::search::TypeNameMatch,0,10,23,5.79221
org::eclipse::jdt::core::search::TypeNameMatchRequestor,0,3,0,1.78303
org::eclipse::jdt::core::search::TypeNameRequestor,0,3,3,5.99114
org::eclipse::jdt::core::search::TypeParameterDeclarationMatch,0,1,3,3.29051
org::eclipse::jdt::core::search::TypeParameterReferenceMatch,0,1,4,3.29051
org::eclipse::jdt::core::search::TypeReferenceMatch,2,6,16,8.6615
org::eclipse::jdt::core::Signature,1,37,841,26.5988
org::eclipse::jdt::core::ToolFactory,0,15,63,17.0375
org::eclipse::jdt::core::util::ByteCodeVisitorAdapter,1,0,612,4.07501
org::eclipse::jdt::core::util::ClassFileBytesDisassembler,0,2,0,3.83244
org::eclipse::jdt::core::util::ClassFormatException,0,0,3,4.07501
org::eclipse::jdt::core::util::CompilationUnitSorter,0,5,19,14.6865
org::eclipse::jdt::core::util::OpcodeStringValues,1,2,0,7.48389
org::eclipse::jdt::core::WorkingCopyOwner,0,3,17,15.6356
org::eclipse::jdt::internal::antadapter::AntAdapterMessages,0,1,12,4.07501
org::eclipse::jdt::internal::codeassist::complete::CompletionJavadoc,0,1,222,5.0061
org::eclipse::jdt::internal::codeassist::complete::CompletionJavadocParser,0,26,768,15.3647
org::eclipse::jdt::internal::codeassist::complete::CompletionNodeDetector,0,3,29,9.58612
org::eclipse::jdt::internal::codeassist::complete::CompletionNodeFound,0,1,3,6.94335
org::eclipse::jdt::internal::codeassist::complete::CompletionOnAnnotationMemberValuePair,0,0,32,0
org::eclipse::jdt::internal::codeassist::complete::CompletionOnAnnotationOfType,0,3,10,3.00217
org::eclipse::jdt::internal::codeassist::complete::CompletionOnArgumentName,0,2,27,4.07501
org::eclipse::jdt::internal::codeassist::complete::CompletionOnBrankStatementLabel,0,1,23,2.36846
org::eclipse::jdt::internal::codeassist::complete::CompletionOnClassLiteralAccess,0,0,17,4.07501
org::eclipse::jdt::internal::codeassist::complete::CompletionOnExplicitConstructorCall,0,0,41,4.07501
org::eclipse::jdt::internal::codeassist::complete::CompletionOnFieldName,0,2,20,7.8386
org::eclipse::jdt::internal::codeassist::complete::CompletionOnFieldType,0,1,14,4.07501
org::eclipse::jdt::internal::codeassist::complete::CompletionOnImportReference,0,0,12,4.07501
org::eclipse::jdt::internal::codeassist::complete::CompletionOnJavadocAllocationExpression,0,4,56,4.01609
org::eclipse::jdt::internal::codeassist::complete::CompletionOnJavadocFieldReference,0,4,76,3.58431
org::eclipse::jdt::internal::codeassist::complete::CompletionOnJavadocMessageSend,0,3,56,1.5732
org::eclipse::jdt::internal::codeassist::complete::CompletionOnJavadocParamNameReference,0,7,17,3.58431
org::eclipse::jdt::internal::codeassist::complete::CompletionOnJavadocQualifiedTypeReference,0,3,56,1.5732
org::eclipse::jdt::internal::codeassist::complete::CompletionOnJavadocSingleTypeReference,0,3,55,1.5732
org::eclipse::jdt::internal::codeassist::complete::CompletionOnJavadocTag,1,3,115,4.63008
org::eclipse::jdt::internal::codeassist::complete::CompletionOnJavadocTypeParamReference,0,3,17,3.58431
org::eclipse::jdt::internal::codeassist::complete::CompletionOnKeyword1,0,2,23,6.93237
org::eclipse::jdt::internal::codeassist::complete::CompletionOnKeyword2,0,2,18,8.05174
org::eclipse::jdt::internal::codeassist::complete::CompletionOnKeyword3,0,2,21,6.93237
org::eclipse::jdt::internal::codeassist::complete::CompletionOnLocalName,0,2,25,6.20089
org::eclipse::jdt::internal::codeassist::complete::CompletionOnMarkerAnnotationName,0,1,15,6.94335
org::eclipse::jdt::internal::codeassist::complete::CompletionOnMemberAccess,0,3,38,9.27985
org::eclipse::jdt::internal::codeassist::complete::CompletionOnMemberValueName,0,0,9,0
org::eclipse::jdt::internal::codeassist::complete::CompletionOnMessageSend,0,2,41,10.696
org::eclipse::jdt::internal::codeassist::complete::CompletionOnMessageSendName,0,2,44,2.07169
org::eclipse::jdt::internal::codeassist::complete::CompletionOnMethodName,0,0,31,4.07501
org::eclipse::jdt::internal::codeassist::complete::CompletionOnMethodReturnType,0,1,12,4.07501
org::eclipse::jdt::internal::codeassist::complete::CompletionOnMethodTypeParameter,0,1,22,7.8386
org::eclipse::jdt::internal::codeassist::complete::CompletionOnPackageReference,0,0,12,5.19438
org::eclipse::jdt::internal::codeassist::complete::CompletionOnParameterizedQualifiedTypeReference,0,2,67,9.69849
org::eclipse::jdt::internal::codeassist::complete::CompletionOnQualifiedAllocationExpression,0,0,32,4.07501
org::eclipse::jdt::internal::codeassist::complete::CompletionOnQualifiedNameReference,0,5,36,14.5866
org::eclipse::jdt::internal::codeassist::complete::CompletionOnQualifiedTypeReference,0,3,63,12.2036
org::eclipse::jdt::internal::codeassist::complete::CompletionOnSingleNameReference,0,3,17,9.52046
org::eclipse::jdt::internal::codeassist::complete::CompletionOnSingleTypeReference,0,5,63,12.52
org::eclipse::jdt::internal::codeassist::complete::CompletionOnStringLiteral,0,1,13,0
org::eclipse::jdt::internal::codeassist::complete::CompletionParser,1,102,4390,37.9039
org::eclipse::jdt::internal::codeassist::complete::CompletionScanner,0,24,796,19.3371
org::eclipse::jdt::internal::codeassist::complete::InvalidCursorLocation,0,0,3,4.07501
org::eclipse::jdt::internal::codeassist::CompletionElementNotifier,0,1,136,0
org::eclipse::jdt::internal::codeassist::CompletionEngine,7,205,7341,48.228
org::eclipse::jdt::internal::codeassist::CompletionRequestorWrapper,1,0,306,4.07501
org::eclipse::jdt::internal::codeassist::CompletionUnitStructureRequestor,0,2,128,1.29357
org::eclipse::jdt::internal::codeassist::impl::AssistAnnotation,0,1,7,0
org::eclipse::jdt::internal::codeassist::impl::AssistCompilationUnit,0,1,21,0
org::eclipse::jdt::internal::codeassist::impl::AssistImportContainer,0,1,10,0
org::eclipse::jdt::internal::codeassist::impl::AssistImportDeclaration,0,1,7,0
org::eclipse::jdt::internal::codeassist::impl::AssistInitializer,0,1,13,0
org::eclipse::jdt::internal::codeassist::impl::AssistOptions,0,8,155,14.1631
org::eclipse::jdt::internal::codeassist::impl::AssistPackageDeclaration,0,1,10,0
org::eclipse::jdt::internal::codeassist::impl::AssistParser,0,34,1384,21.8696
org::eclipse::jdt::internal::codeassist::impl::AssistSourceField,0,2,41,1.29357
org::eclipse::jdt::internal::codeassist::impl::AssistSourceMethod,0,2,44,1.29357
org::eclipse::jdt::internal::codeassist::impl::AssistSourceType,0,3,59,2.35255
org::eclipse::jdt::internal::codeassist::impl::AssistTypeParameter,0,1,7,0
org::eclipse::jdt::internal::codeassist::impl::Engine,1,20,230,20.393
org::eclipse::jdt::internal::codeassist::InternalCompletionContext,1,12,48,9.68336
org::eclipse::jdt::internal::codeassist::InternalCompletionProposal,1,5,127,10.0703
org::eclipse::jdt::internal::codeassist::InternalExtendedCompletionContext,2,4,648,2.38886
org::eclipse::jdt::internal::codeassist::MissingTypesGuesser,0,3,186,2.51582
org::eclipse::jdt::internal::codeassist::select::SelectionJavadoc,0,3,80,4.59811
org::eclipse::jdt::internal::codeassist::select::SelectionJavadocParser,0,4,123,10.1241
org::eclipse::jdt::internal::codeassist::select::SelectionNodeFound,0,2,4,4.07501
org::eclipse::jdt::internal::codeassist::select::SelectionOnArgumentName,0,1,26,4.07501
org::eclipse::jdt::internal::codeassist::select::SelectionOnExplicitConstructorCall,0,1,34,4.07501
org::eclipse::jdt::internal::codeassist::select::SelectionOnFieldReference,0,1,23,4.07501
org::eclipse::jdt::internal::codeassist::select::SelectionOnFieldType,0,1,10,4.07501
org::eclipse::jdt::internal::codeassist::select::SelectionOnImportReference,0,0,12,4.07501
org::eclipse::jdt::internal::codeassist::select::SelectionOnLocalName,0,2,24,6.20089
org::eclipse::jdt::internal::codeassist::select::SelectionOnMessageSend,0,2,65,4.98614
org::eclipse::jdt::internal::codeassist::select::SelectionOnNameOfMemberValuePair,0,0,17,4.07501
org::eclipse::jdt::internal::codeassist::select::SelectionOnPackageReference,0,0,11,5.19438
org::eclipse::jdt::internal::codeassist::select::SelectionOnParameterizedQualifiedTypeReference,0,3,43,9.21398
org::eclipse::jdt::internal::codeassist::select::SelectionOnParameterizedSingleTypeReference,0,0,21,4.07501
org::eclipse::jdt::internal::codeassist::select::SelectionOnQualifiedAllocationExpression,0,4,59,9.07976
org::eclipse::jdt::internal::codeassist::select::SelectionOnQualifiedNameReference,0,4,42,6.73444
org::eclipse::jdt::internal::codeassist::select::SelectionOnQualifiedSuperReference,0,1,16,4.07501
org::eclipse::jdt::internal::codeassist::select::SelectionOnQualifiedTypeReference,0,3,38,6.70304
org::eclipse::jdt::internal::codeassist::select::SelectionOnSingleNameReference,0,3,40,7.99656
org::eclipse::jdt::internal::codeassist::select::SelectionOnSingleTypeReference,0,3,35,6.70304
org::eclipse::jdt::internal::codeassist::select::SelectionOnSuperReference,0,1,16,4.07501
org::eclipse::jdt::internal::codeassist::select::SelectionParser,1,25,1189,19.7948
org::eclipse::jdt::internal::codeassist::select::SelectionScanner,0,1,31,4.07501
org::eclipse::jdt::internal::codeassist::SelectionEngine,1,56,1189,32.2544
org::eclipse::jdt::internal::codeassist::ThrownExceptionFinder,0,3,75,1.26759
org::eclipse::jdt::internal::codeassist::UnresolvedReferenceNameFinder,0,7,321,7.9636
org::eclipse::jdt::internal::compiler::AbstractAnnotationProcessorManager,0,2,0,5.54249
org::eclipse::jdt::internal::compiler::ast::AbstractMethodDeclaration,0,35,314,24.8564
org::eclipse::jdt::internal::compiler::ast::AbstractVariableDeclaration,0,1,57,6.20089
org::eclipse::jdt::internal::compiler::ast::AllocationExpression,1,20,337,24.5715
org::eclipse::jdt::internal::compiler::ast::AND_AND_Expression,0,12,230,12.0762
org::eclipse::jdt::internal::compiler::ast::Annotation,1,26,357,27.4521
org::eclipse::jdt::internal::compiler::ast::AnnotationMethodDeclaration,0,2,128,7.51373
org::eclipse::jdt::internal::compiler::ast::Argument,0,13,132,20.4932
org::eclipse::jdt::internal::compiler::ast::ArrayAllocationExpression,0,5,142,9.13341
org::eclipse::jdt::internal::compiler::ast::ArrayInitializer,0,17,195,20.2492
org::eclipse::jdt::internal::compiler::ast::ArrayQualifiedTypeReference,0,4,62,7.282
org::eclipse::jdt::internal::compiler::ast::ArrayReference,0,10,158,17.5763
org::eclipse::jdt::internal::compiler::ast::ArrayTypeReference,0,4,52,6.73444
org::eclipse::jdt::internal::compiler::ast::AssertStatement,2,9,163,14.8017
org::eclipse::jdt::internal::compiler::ast::Assignment,0,28,221,27.6825
org::eclipse::jdt::internal::compiler::ast::ASTNode,1,55,484,37.8606
org::eclipse::jdt::internal::compiler::ast::BinaryExpression,0,18,1782,19.8456
org::eclipse::jdt::internal::compiler::ast::Block,0,5,97,5.26853
org::eclipse::jdt::internal::compiler::ast::BranchStatement,0,10,39,11.17
org::eclipse::jdt::internal::compiler::ast::BreakStatement,0,6,72,7.32455
org::eclipse::jdt::internal::compiler::ast::CaseStatement,0,15,96,21.1473
org::eclipse::jdt::internal::compiler::ast::CastExpression,1,50,431,34.6202
org::eclipse::jdt::internal::compiler::ast::CharLiteral,0,1,72,7.18983
org::eclipse::jdt::internal::compiler::ast::ClassLiteralAccess,0,9,72,23.7357
org::eclipse::jdt::internal::compiler::ast::Clinit,2,14,231,15.4387
org::eclipse::jdt::internal::compiler::ast::CombinedBinaryExpression,0,4,266,3.63513
org::eclipse::jdt::internal::compiler::ast::CompilationUnitDeclaration,2,29,536,30.7687
org::eclipse::jdt::internal::compiler::ast::CompoundAssignment,0,6,150,13.7206
org::eclipse::jdt::internal::compiler::ast::ConditionalExpression,0,24,445,20.8651
org::eclipse::jdt::internal::compiler::ast::ConstructorDeclaration,3,40,437,29.7618
org::eclipse::jdt::internal::compiler::ast::ContinueStatement,0,6,75,7.3557
org::eclipse::jdt::internal::compiler::ast::DoStatement,0,17,163,14.2097
org::eclipse::jdt::internal::compiler::ast::DoubleLiteral,0,2,85,7.15525
org::eclipse::jdt::internal::compiler::ast::EmptyStatement,0,1,32,7.98927
org::eclipse::jdt::internal::compiler::ast::EqualExpression,0,21,799,19.5457
org::eclipse::jdt::internal::compiler::ast::ExplicitConstructorCall,1,21,364,23.2611
org::eclipse::jdt::internal::compiler::ast::Expression,0,57,760,33.6845
org::eclipse::jdt::internal::compiler::ast::ExtendedStringLiteral,0,3,29,5.19438
org::eclipse::jdt::internal::compiler::ast::FalseLiteral,0,2,38,7.2883
org::eclipse::jdt::internal::compiler::ast::FieldDeclaration,0,41,241,30.6378
org::eclipse::jdt::internal::compiler::ast::FieldReference,6,43,547,27.3399
org::eclipse::jdt::internal::compiler::ast::FloatLiteral,0,2,85,7.15525
org::eclipse::jdt::internal::compiler::ast::ForeachStatement,2,24,451,23.6077
org::eclipse::jdt::internal::compiler::ast::ForStatement,0,18,343,16.4642
org::eclipse::jdt::internal::compiler::ast::IfStatement,0,15,192,13.3833
org::eclipse::jdt::internal::compiler::ast::ImportReference,0,2,35,7.7102
org::eclipse::jdt::internal::compiler::ast::Initializer,0,4,81,7.6133
org::eclipse::jdt::internal::compiler::ast::InstanceOfExpression,1,13,70,16.213
org::eclipse::jdt::internal::compiler::ast::IntLiteral,0,4,110,9.8326
org::eclipse::jdt::internal::compiler::ast::IntLiteralMinValue,0,0,7,4.08525
org::eclipse::jdt::internal::compiler::ast::Javadoc,3,48,708,24.4246
org::eclipse::jdt::internal::compiler::ast::JavadocAllocationExpression,0,27,142,21.221
org::eclipse::jdt::internal::compiler::ast::JavadocArgumentExpression,0,15,66,19.225
org::eclipse::jdt::internal::compiler::ast::JavadocArrayQualifiedTypeReference,0,6,13,6.60309
org::eclipse::jdt::internal::compiler::ast::JavadocArraySingleTypeReference,0,6,14,6.60309
org::eclipse::jdt::internal::compiler::ast::JavadocFieldReference,1,22,87,20.2148
org::eclipse::jdt::internal::compiler::ast::JavadocImplicitTypeReference,0,9,91,17.2339
org::eclipse::jdt::internal::compiler::ast::JavadocMessageSend,0,28,174,22.6963
org::eclipse::jdt::internal::compiler::ast::JavadocQualifiedTypeReference,0,23,48,17.6478
org::eclipse::jdt::internal::compiler::ast::JavadocReturnStatement,0,13,29,11.4634
org::eclipse::jdt::internal::compiler::ast::JavadocSingleNameReference,0,10,30,6.15815
org::eclipse::jdt::internal::compiler::ast::JavadocSingleTypeReference,0,26,66,21.1753
org::eclipse::jdt::internal::compiler::ast::LabeledStatement,0,8,92,12.7023
org::eclipse::jdt::internal::compiler::ast::Literal,0,0,25,4.07501
org::eclipse::jdt::internal::compiler::ast::LocalDeclaration,0,29,209,27.1274
org::eclipse::jdt::internal::compiler::ast::LongLiteral,0,5,128,15.218
org::eclipse::jdt::internal::compiler::ast::LongLiteralMinValue,0,0,7,6.61333
org::eclipse::jdt::internal::compiler::ast::MagicLiteral,0,0,12,4.07501
org::eclipse::jdt::internal::compiler::ast::MarkerAnnotation,0,2,16,7.45849
org::eclipse::jdt::internal::compiler::ast::MemberValuePair,0,16,189,19.8678
org::eclipse::jdt::internal::compiler::ast::MessageSend,4,37,494,30.738
org::eclipse::jdt::internal::compiler::ast::MethodDeclaration,2,17,198,23.1815
org::eclipse::jdt::internal::compiler::ast::NameReference,0,3,34,6.93237
org::eclipse::jdt::internal::compiler::ast::NormalAnnotation,0,2,45,8.43551
org::eclipse::jdt::internal::compiler::ast::NullLiteral,0,7,32,9.14824
org::eclipse::jdt::internal::compiler::ast::NumberLiteral,0,0,11,4.07501
org::eclipse::jdt::internal::compiler::ast::OperatorExpression,0,4,1520,6.61079
org::eclipse::jdt::internal::compiler::ast::OR_OR_Expression,0,12,226,12.0762
org::eclipse::jdt::internal::compiler::ast::ParameterizedQualifiedTypeReference,1,32,296,28.5804
org::eclipse::jdt::internal::compiler::ast::ParameterizedSingleTypeReference,1,29,244,26.4203
org::eclipse::jdt::internal::compiler::ast::PostfixExpression,0,0,39,3.9771
org::eclipse::jdt::internal::compiler::ast::PrefixExpression,0,1,28,3.9771
org::eclipse::jdt::internal::compiler::ast::QualifiedAllocationExpression,1,25,414,25.3215
org::eclipse::jdt::internal::compiler::ast::QualifiedNameReference,7,48,986,34.4998
org::eclipse::jdt::internal::compiler::ast::QualifiedSuperReference,1,3,38,5.29522
org::eclipse::jdt::internal::compiler::ast::QualifiedThisReference,0,4,76,13.45
org::eclipse::jdt::internal::compiler::ast::QualifiedTypeReference,0,16,105,25.0807
org::eclipse::jdt::internal::compiler::ast::Reference,1,3,42,8.0715
org::eclipse::jdt::internal::compiler::ast::ReturnStatement,1,26,217,22.412
org::eclipse::jdt::internal::compiler::ast::SingleMemberAnnotation,0,2,34,11.3038
org::eclipse::jdt::internal::compiler::ast::SingleNameReference,6,40,787,30.8847
org::eclipse::jdt::internal::compiler::ast::SingleTypeReference,0,4,63,13.4078
org::eclipse::jdt::internal::compiler::ast::Statement,0,9,99,12.6182
org::eclipse::jdt::internal::compiler::ast::StringLiteral,0,7,72,6.55214
org::eclipse::jdt::internal::compiler::ast::StringLiteralConcatenation,0,1,46,4.07501
org::eclipse::jdt::internal::compiler::ast::SubRoutineStatement,0,10,31,10.0134
org::eclipse::jdt::internal::compiler::ast::SuperReference,0,2,41,6.71778
org::eclipse::jdt::internal::compiler::ast::SwitchStatement,1,19,334,19.2089
org::eclipse::jdt::internal::compiler::ast::SynchronizedStatement,0,17,158,15.2779
org::eclipse::jdt::internal::compiler::ast::ThisReference,0,3,78,8.4257
org::eclipse::jdt::internal::compiler::ast::ThrowStatement,0,3,44,13.1052
org::eclipse::jdt::internal::compiler::ast::TrueLiteral,0,2,39,7.2883
org::eclipse::jdt::internal::compiler::ast::TryStatement,3,31,784,22.8522
org::eclipse::jdt::internal::compiler::ast::TypeDeclaration,3,60,624,37.7605
org::eclipse::jdt::internal::compiler::ast::TypeParameter,0,5,60,6.62651
org::eclipse::jdt::internal::compiler::ast::TypeReference,0,16,144,21.1415
org::eclipse::jdt::internal::compiler::ast::UnaryExpression,0,10,253,17.3206
org::eclipse::jdt::internal::compiler::ast::WhileStatement,0,15,232,13.1474
org::eclipse::jdt::internal::compiler::ast::Wildcard,0,2,71,6.88643
org::eclipse::jdt::internal::compiler::ASTVisitor,0,3,9,5.96416
org::eclipse::jdt::internal::compiler::batch::ClasspathDirectory,0,9,136,17.8093
org::eclipse::jdt::internal::compiler::batch::ClasspathJar,1,9,155,15.9456
org::eclipse::jdt::internal::compiler::batch::ClasspathLocation,0,7,15,10.8648
org::eclipse::jdt::internal::compiler::batch::ClasspathSourceJar,0,2,7,3.93934
org::eclipse::jdt::internal::compiler::batch::CompilationUnit,0,4,50,5.68889
org::eclipse::jdt::internal::compiler::batch::FileFinder,0,2,23,5.12326
org::eclipse::jdt::internal::compiler::batch::FileSystem,0,18,198,19.9756
org::eclipse::jdt::internal::compiler::batch::Main,2,117,2557,49.9143
org::eclipse::jdt::internal::compiler::ClassFile,6,69,6113,43.9774
org::eclipse::jdt::internal::compiler::ClassFilePool,0,0,30,4.65831
org::eclipse::jdt::internal::compiler::classfmt::AnnotationInfo,0,1,316,6.92842
org::eclipse::jdt::internal::compiler::classfmt::AnnotationMethodInfo,0,0,95,7.26753
org::eclipse::jdt::internal::compiler::classfmt::AnnotationMethodInfoWithAnnotations,0,0,26,1.06049
org::eclipse::jdt::internal::compiler::classfmt::ClassFileReader,0,27,724,22.1081
org::eclipse::jdt::internal::compiler::classfmt::ClassFileStruct,0,2,67,8.93874
org::eclipse::jdt::internal::compiler::classfmt::ClassFormatException,0,2,29,4.08525
org::eclipse::jdt::internal::compiler::classfmt::ElementValuePairInfo,0,0,28,3.5829
org::eclipse::jdt::internal::compiler::classfmt::FieldInfo,0,11,305,17.9172
org::eclipse::jdt::internal::compiler::classfmt::FieldInfoWithAnnotation,0,0,40,3.76811
org::eclipse::jdt::internal::compiler::classfmt::InnerClassInfo,0,3,72,3.97098
org::eclipse::jdt::internal::compiler::classfmt::MethodInfo,0,13,392,18.395
org::eclipse::jdt::internal::compiler::classfmt::MethodInfoWithAnnotations,0,0,35,1.06049
org::eclipse::jdt::internal::compiler::classfmt::MethodInfoWithParameterAnnotations,0,0,35,1.06049
org::eclipse::jdt::internal::compiler::codegen::BranchLabel,1,9,199,12.482
org::eclipse::jdt::internal::compiler::codegen::CachedIndexEntry,0,0,4,1.10349
org::eclipse::jdt::internal::compiler::codegen::CaseLabel,0,3,46,10.0961
org::eclipse::jdt::internal::compiler::codegen::CharArrayCache,0,4,118,8.57238
org::eclipse::jdt::internal::compiler::codegen::CodeStream,3,66,6017,39.6428
org::eclipse::jdt::internal::compiler::codegen::ConstantPool,1,16,329,18.4276
org::eclipse::jdt::internal::compiler::codegen::DoubleCache,0,1,88,5.18073
org::eclipse::jdt::internal::compiler::codegen::ExceptionLabel,1,6,58,7.52192
org::eclipse::jdt::internal::compiler::codegen::FloatCache,0,1,88,5.18073
org::eclipse::jdt::internal::compiler::codegen::IntegerCache,0,1,94,6.34778
org::eclipse::jdt::internal::compiler::codegen::Label,0,10,3,8.91433
org::eclipse::jdt::internal::compiler::codegen::LongCache,0,1,94,5.7915
org::eclipse::jdt::internal::compiler::codegen::ObjectCache,0,1,83,3.42081
org::eclipse::jdt::internal::compiler::codegen::StackMapFrame,0,8,325,7.35509
org::eclipse::jdt::internal::compiler::codegen::StackMapFrameCodeStream,2,17,395,14.9141
org::eclipse::jdt::internal::compiler::codegen::VerificationTypeInfo,0,4,156,7.88266
org::eclipse::jdt::internal::compiler::CompilationResult,1,22,245,23.6109
org::eclipse::jdt::internal::compiler::Compiler,1,32,407,35.4473
org::eclipse::jdt::internal::compiler::ConfigurableOption,0,4,117,5.41047
org::eclipse::jdt::internal::compiler::DefaultErrorHandlingPolicies,0,0,40,4.07501
org::eclipse::jdt::internal::compiler::DocumentElementParser,0,9,1200,0
org::eclipse::jdt::internal::compiler::env::AccessRestriction,0,4,11,10.9438
org::eclipse::jdt::internal::compiler::env::AccessRule,0,2,39,6.4938
org::eclipse::jdt::internal::compiler::env::AccessRuleSet,0,9,62,11.1338
org::eclipse::jdt::internal::compiler::env::ClassSignature,0,0,12,1.06049
org::eclipse::jdt::internal::compiler::env::EnumConstantSignature,0,0,17,1.06049
org::eclipse::jdt::internal::compiler::env::NameEnvironmentAnswer,0,2,34,4.06989
org::eclipse::jdt::internal::compiler::flow::ConditionalFlowInfo,0,4,145,5.18843
org::eclipse::jdt::internal::compiler::flow::ExceptionHandlingFlowContext,2,11,139,13.0996
org::eclipse::jdt::internal::compiler::flow::FinallyFlowContext,0,8,264,7.61486
org::eclipse::jdt::internal::compiler::flow::FlowContext,2,17,379,14.9914
org::eclipse::jdt::internal::compiler::flow::FlowInfo,0,6,66,8.14156
org::eclipse::jdt::internal::compiler::flow::InitializationFlowContext,2,0,54,3.97098
org::eclipse::jdt::internal::compiler::flow::InsideSubRoutineFlowContext,0,6,27,5.25685
org::eclipse::jdt::internal::compiler::flow::LabelFlowContext,0,3,23,5.26853
org::eclipse::jdt::internal::compiler::flow::LoopingFlowContext,0,11,387,10.0952
org::eclipse::jdt::internal::compiler::flow::NullInfoRegistry,0,4,312,3.17913
org::eclipse::jdt::internal::compiler::flow::SwitchFlowContext,0,5,23,5.87361
org::eclipse::jdt::internal::compiler::flow::UnconditionalFlowInfo,0,15,1440,14.1223
org::eclipse::jdt::internal::compiler::impl::BooleanConstant,0,5,19,8.13684
org::eclipse::jdt::internal::compiler::impl::ByteConstant,0,1,37,6.77104
org::eclipse::jdt::internal::compiler::impl::CharConstant,0,1,38,6.77104
org::eclipse::jdt::internal::compiler::impl::CompilerOptions,1,76,974,36.059
org::eclipse::jdt::internal::compiler::impl::CompilerStats,0,0,9,1.09529
org::eclipse::jdt::internal::compiler::impl::Constant,0,7,1500,10.2807
org::eclipse::jdt::internal::compiler::impl::DoubleConstant,0,1,39,6.77104
org::eclipse::jdt::internal::compiler::impl::FloatConstant,0,1,36,6.77104
org::eclipse::jdt::internal::compiler::impl::IntConstant,0,1,55,6.77104
org::eclipse::jdt::internal::compiler::impl::LongConstant,0,1,40,6.77104
org::eclipse::jdt::internal::compiler::impl::ShortConstant,0,1,37,6.77104
org::eclipse::jdt::internal::compiler::impl::StringConstant,0,0,27,4.08525
org::eclipse::jdt::internal::compiler::lookup::AnnotationBinding,0,4,151,9.16287
org::eclipse::jdt::internal::compiler::lookup::AnnotationHolder,0,0,32,2.95593
org::eclipse::jdt::internal::compiler::lookup::ArrayBinding,0,16,190,21.0952
org::eclipse::jdt::internal::compiler::lookup::BaseTypeBinding,0,2,163,7.44972
org::eclipse::jdt::internal::compiler::lookup::BinaryLocalVariableBinding,0,0,7,0
org::eclipse::jdt::internal::compiler::lookup::BinaryTypeBinding,1,46,947,32.4393
org::eclipse::jdt::internal::compiler::lookup::Binding,0,7,18,16.2655
org::eclipse::jdt::internal::compiler::lookup::BlockScope,1,30,546,29.0867
org::eclipse::jdt::internal::compiler::lookup::CaptureBinding,0,20,210,18.513
org::eclipse::jdt::internal::compiler::lookup::ClassScope,1,82,1091,41.9795
org::eclipse::jdt::internal::compiler::lookup::CompilationUnitScope,4,34,687,30.2239
org::eclipse::jdt::internal::compiler::lookup::ElementValuePair,0,5,28,8.12682
org::eclipse::jdt::internal::compiler::lookup::FieldBinding,3,16,251,24.0421
org::eclipse::jdt::internal::compiler::lookup::ImportBinding,0,1,21,5.34312
org::eclipse::jdt::internal::compiler::lookup::ImportConflictBinding,0,1,10,1.26811
org::eclipse::jdt::internal::compiler::lookup::InferenceContext,0,2,116,2.22103
org::eclipse::jdt::internal::compiler::lookup::InnerEmulationDependency,0,0,4,4.07501
org::eclipse::jdt::internal::compiler::lookup::LocalTypeBinding,0,11,186,19.5989
org::eclipse::jdt::internal::compiler::lookup::LocalVariableBinding,0,8,177,12.6921
org::eclipse::jdt::internal::compiler::lookup::LookupEnvironment,3,44,1069,37.4003
org::eclipse::jdt::internal::compiler::lookup::MemberTypeBinding,0,3,33,5.86013
org::eclipse::jdt::internal::compiler::lookup::MethodBinding,3,34,724,32.6911
org::eclipse::jdt::internal::compiler::lookup::MethodScope,1,24,378,14.8368
org::eclipse::jdt::internal::compiler::lookup::MethodVerifier,3,49,736,28.9486
org::eclipse::jdt::internal::compiler::lookup::MethodVerifier15,8,80,747,41.1012
org::eclipse::jdt::internal::compiler::lookup::MissingTypeBinding,0,1,34,1.47165
org::eclipse::jdt::internal::compiler::lookup::NestedTypeBinding,1,5,115,10.9152
org::eclipse::jdt::internal::compiler::lookup::PackageBinding,4,7,136,14.2157
org::eclipse::jdt::internal::compiler::lookup::ParameterizedFieldBinding,0,5,24,11.0731
org::eclipse::jdt::internal::compiler::lookup::ParameterizedGenericMethodBinding,0,44,412,31.4543
org::eclipse::jdt::internal::compiler::lookup::ParameterizedMethodBinding,0,14,34,22.2757
org::eclipse::jdt::internal::compiler::lookup::ParameterizedTypeBinding,2,69,866,35.6247
org::eclipse::jdt::internal::compiler::lookup::ProblemBinding,0,1,13,4.07501
org::eclipse::jdt::internal::compiler::lookup::ProblemFieldBinding,0,3,9,8.13317
org::eclipse::jdt::internal::compiler::lookup::ProblemMethodBinding,0,2,8,6.55162
org::eclipse::jdt::internal::compiler::lookup::ProblemPackageBinding,0,0,6,4.07501
org::eclipse::jdt::internal::compiler::lookup::ProblemReferenceBinding,0,2,48,11.296
org::eclipse::jdt::internal::compiler::lookup::RawTypeBinding,0,24,129,20.4542
org::eclipse::jdt::internal::compiler::lookup::ReferenceBinding,1,50,840,37.0956
org::eclipse::jdt::internal::compiler::lookup::Scope,8,214,2877,48.7643
org::eclipse::jdt::internal::compiler::lookup::SignatureWrapper,0,0,47,4.07501
org::eclipse::jdt::internal::compiler::lookup::SourceTypeBinding,6,74,1461,39.1311
org::eclipse::jdt::internal::compiler::lookup::SyntheticArgumentBinding,0,4,10,5.52652
org::eclipse::jdt::internal::compiler::lookup::SyntheticFieldBinding,0,1,5,7.88927
org::eclipse::jdt::internal::compiler::lookup::SyntheticMethodBinding,2,10,166,20.293
org::eclipse::jdt::internal::compiler::lookup::TypeBinding,3,56,773,35.3663
org::eclipse::jdt::internal::compiler::lookup::TypeVariableBinding,1,45,333,27.3456
org::eclipse::jdt::internal::compiler::lookup::UnresolvedAnnotationBinding,1,1,37,3.3409
org::eclipse::jdt::internal::compiler::lookup::UnresolvedReferenceBinding,0,7,64,12.5452
org::eclipse::jdt::internal::compiler::lookup::UpdatedMethodBinding,1,0,7,5.41657
org::eclipse::jdt::internal::compiler::lookup::VariableBinding,0,3,35,13.2396
org::eclipse::jdt::internal::compiler::lookup::WildcardBinding,1,28,533,27.658
org::eclipse::jdt::internal::compiler::parser::AbstractCommentParser,7,81,1399,29.6783
org::eclipse::jdt::internal::compiler::parser::diagnose::DiagnoseParser,0,10,2262,15.6896
org::eclipse::jdt::internal::compiler::parser::diagnose::LexStream,0,6,212,8.41166
org::eclipse::jdt::internal::compiler::parser::diagnose::RangeUtil,0,5,60,7.70056
org::eclipse::jdt::internal::compiler::parser::JavadocParser,3,59,795,24.2321
org::eclipse::jdt::internal::compiler::parser::NLSTag,0,6,9,4.98774
org::eclipse::jdt::internal::compiler::parser::Parser,4,173,0,43.3291
org::eclipse::jdt::internal::compiler::parser::RecoveredAnnotation,0,2,184,1.29357
org::eclipse::jdt::internal::compiler::parser::RecoveredBlock,0,7,250,11.93
org::eclipse::jdt::internal::compiler::parser::RecoveredElement,0,3,172,8.50122
org::eclipse::jdt::internal::compiler::parser::RecoveredField,0,7,186,10.4389
org::eclipse::jdt::internal::compiler::parser::RecoveredImport,0,0,26,4.07501
org::eclipse::jdt::internal::compiler::parser::RecoveredInitializer,0,6,166,10.2069
org::eclipse::jdt::internal::compiler::parser::RecoveredLocalVariable,0,2,107,5.43024
org::eclipse::jdt::internal::compiler::parser::RecoveredMethod,0,15,409,19.1826
org::eclipse::jdt::internal::compiler::parser::RecoveredStatement,0,0,23,4.07501
org::eclipse::jdt::internal::compiler::parser::RecoveredType,0,12,468,13.767
org::eclipse::jdt::internal::compiler::parser::RecoveredUnit,0,6,158,10.2014
org::eclipse::jdt::internal::compiler::parser::RecoveryScanner,0,6,191,4.49837
org::eclipse::jdt::internal::compiler::parser::RecoveryScannerData,0,1,42,1.27976
org::eclipse::jdt::internal::compiler::parser::Scanner,1,85,3449,27.9911
org::eclipse::jdt::internal::compiler::parser::ScannerHelper,0,2,136,8.02975
org::eclipse::jdt::internal::compiler::parser::SourceTypeConverter,0,28,209,24.2091
org::eclipse::jdt::internal::compiler::parser::TypeConverter,0,2,246,1.47165
org::eclipse::jdt::internal::compiler::problem::AbortCompilation,0,8,14,9.05061
org::eclipse::jdt::internal::compiler::problem::AbortCompilationUnit,0,4,4,4.66145
org::eclipse::jdt::internal::compiler::problem::AbortMethod,0,3,3,4.08525
org::eclipse::jdt::internal::compiler::problem::AbortType,0,3,3,4.08525
org::eclipse::jdt::internal::compiler::problem::DefaultProblem,0,11,164,14.0643
org::eclipse::jdt::internal::compiler::problem::DefaultProblemFactory,0,19,126,11.0206
org::eclipse::jdt::internal::compiler::problem::ProblemHandler,0,13,38,14.2655
org::eclipse::jdt::internal::compiler::problem::ProblemReporter,8,194,6571,43.7616
org::eclipse::jdt::internal::compiler::problem::ShouldNotImplement,0,0,3,4.07501
org::eclipse::jdt::internal::compiler::ProcessTaskManager,0,3,140,1.84991
org::eclipse::jdt::internal::compiler::ReadManager,2,1,153,1.29357
org::eclipse::jdt::internal::compiler::SourceElementNotifier,0,2,299,1.09529
org::eclipse::jdt::internal::compiler::SourceElementParser,0,21,849,0
org::eclipse::jdt::internal::compiler::SourceElementRequestorAdapter,0,15,66,13.0619
org::eclipse::jdt::internal::compiler::SourceJavadocParser,0,6,107,7.11369
org::eclipse::jdt::internal::compiler::util::CompoundNameVector,0,1,50,4.07501
org::eclipse::jdt::internal::compiler::util::FloatUtil,0,1,311,4.07501
org::eclipse::jdt::internal::compiler::util::GenericXMLWriter,0,3,99,3.0444
org::eclipse::jdt::internal::compiler::util::HashSetOfInt,0,1,94,1.47165
org::eclipse::jdt::internal::compiler::util::HashtableOfInt,0,0,71,3.9771
org::eclipse::jdt::internal::compiler::util::HashtableOfIntValues,0,0,115,3.9771
org::eclipse::jdt::internal::compiler::util::HashtableOfLong,0,1,74,3.9771
org::eclipse::jdt::internal::compiler::util::HashtableOfObject,0,1,122,3.9771
org::eclipse::jdt::internal::compiler::util::HashtableOfObjectToInt,0,1,117,5.56106
org::eclipse::jdt::internal::compiler::util::HashtableOfObjectToIntArray,0,1,117,2.27054
org::eclipse::jdt::internal::compiler::util::HashtableOfPackage,0,1,79,3.9771
org::eclipse::jdt::internal::compiler::util::HashtableOfType,0,1,79,3.9771
org::eclipse::jdt::internal::compiler::util::Messages,0,7,80,11.6815
org::eclipse::jdt::internal::compiler::util::ObjectVector,0,3,78,7.10696
org::eclipse::jdt::internal::compiler::util::SimpleLookupTable,0,2,127,8.23039
org::eclipse::jdt::internal::compiler::util::SimpleNameVector,0,1,64,4.07501
org::eclipse::jdt::internal::compiler::util::SimpleSet,0,0,103,2.57445
org::eclipse::jdt::internal::compiler::util::SimpleSetOfCharArray,0,6,103,2.4812
org::eclipse::jdt::internal::compiler::util::Util,1,25,513,25.9159
org::eclipse::jdt::internal::core::AnnotatableInfo,0,1,0,0
org::eclipse::jdt::internal::core::Annotation,1,1,56,0
org::eclipse::jdt::internal::core::AnnotationInfo,0,1,0,1.47165
org::eclipse::jdt::internal::core::ASTHolderCUInfo,0,4,0,7.68944
org::eclipse::jdt::internal::core::BasicCompilationUnit,0,3,71,6.6689
org::eclipse::jdt::internal::core::BatchInitializationMonitor,0,1,55,0
org::eclipse::jdt::internal::core::BatchOperation,0,1,28,6.94335
org::eclipse::jdt::internal::core::BecomeWorkingCopyOperation,0,6,38,5.41015
org::eclipse::jdt::internal::core::BinaryField,2,9,81,15.7259
org::eclipse::jdt::internal::core::BinaryMember,1,10,127,15.7424
org::eclipse::jdt::internal::core::BinaryMethod,1,31,529,25.6644
org::eclipse::jdt::internal::core::BinaryType,1,45,698,29.2704
org::eclipse::jdt::internal::core::BinaryTypeConverter,0,8,216,11.4729
org::eclipse::jdt::internal::core::Buffer,0,14,275,8.8113
org::eclipse::jdt::internal::core::BufferCache,0,3,32,6.85444
org::eclipse::jdt::internal::core::BufferFactoryWrapper,0,0,23,5.1154
org::eclipse::jdt::internal::core::BufferManager,0,4,70,10.492
org::eclipse::jdt::internal::core::builder::AbortIncrementalBuildException,0,0,3,4.07501
org::eclipse::jdt::internal::core::builder::AbstractImageBuilder,2,41,639,36.8083
org::eclipse::jdt::internal::core::builder::AdditionalTypeCollection,1,0,4,4.07501
org::eclipse::jdt::internal::core::builder::BatchImageBuilder,1,28,269,25.0221
org::eclipse::jdt::internal::core::builder::BuildNotifier,0,8,189,9.44802
org::eclipse::jdt::internal::core::builder::ClasspathDirectory,0,6,101,10.2582
org::eclipse::jdt::internal::core::builder::ClasspathJar,0,7,108,14.1927
org::eclipse::jdt::internal::core::builder::ClasspathLocation,0,5,18,7.56137
org::eclipse::jdt::internal::core::builder::ClasspathMultiDirectory,0,3,33,2.50744
org::eclipse::jdt::internal::core::builder::CompilationParticipantResult,0,3,19,4.23423
org::eclipse::jdt::internal::core::builder::ImageBuilderInternalException,0,1,15,6.70721
org::eclipse::jdt::internal::core::builder::IncrementalImageBuilder,1,39,706,27.5325
org::eclipse::jdt::internal::core::builder::JavaBuilder,0,31,661,32.0766
org::eclipse::jdt::internal::core::builder::MissingSourceFileException,0,0,3,4.07501
org::eclipse::jdt::internal::core::builder::NameEnvironment,0,14,271,14.9973
org::eclipse::jdt::internal::core::builder::NameSet,0,1,41,4.07501
org::eclipse::jdt::internal::core::builder::ProblemFactory,0,0,9,4.07501
org::eclipse::jdt::internal::core::builder::QualifiedNameSet,0,1,44,4.07501
org::eclipse::jdt::internal::core::builder::ReferenceCollection,1,6,140,8.432
org::eclipse::jdt::internal::core::builder::SourceFile,0,5,68,5.38431
org::eclipse::jdt::internal::core::builder::State,1,18,560,18.8534
org::eclipse::jdt::internal::core::builder::StringSet,0,2,56,4.07501
org::eclipse::jdt::internal::core::builder::WorkQueue,0,0,28,6.37263
org::eclipse::jdt::internal::core::CancelableNameEnvironment,1,6,23,7.57299
org::eclipse::jdt::internal::core::CancelableProblemFactory,0,6,9,6.50029
org::eclipse::jdt::internal::core::ChangeClasspathOperation,0,7,63,8.1662
org::eclipse::jdt::internal::core::ClassFile,0,44,549,29.5302
org::eclipse::jdt::internal::core::ClassFileInfo,1,6,149,7.49694
org::eclipse::jdt::internal::core::ClassFileWorkingCopy,0,7,68,11.2467
org::eclipse::jdt::internal::core::ClasspathAccessRule,0,2,27,6.4938
org::eclipse::jdt::internal::core::ClasspathAttribute,0,0,21,1.70656
org::eclipse::jdt::internal::core::ClasspathChange,1,11,469,14.2639
org::eclipse::jdt::internal::core::ClasspathEntry,4,36,1340,27.2818
org::eclipse::jdt::internal::core::ClasspathValidation,1,0,51,0
org::eclipse::jdt::internal::core::CommitWorkingCopyOperation,0,14,141,9.60428
org::eclipse::jdt::internal::core::CompilationUnit,1,73,830,30.9896
org::eclipse::jdt::internal::core::CompilationUnitElementInfo,0,1,9,10.7711
org::eclipse::jdt::internal::core::CompilationUnitProblemFinder,0,21,57,18.4584
org::eclipse::jdt::internal::core::CompilationUnitStructureRequestor,1,22,525,15.7278
org::eclipse::jdt::internal::core::CopyElementsOperation,0,8,124,17.8759
org::eclipse::jdt::internal::core::CopyPackageFragmentRootOperation,1,12,223,13.7034
org::eclipse::jdt::internal::core::CopyResourceElementsOperation,1,26,516,17.5543
org::eclipse::jdt::internal::core::CreateCompilationUnitOperation,0,10,87,9.60485
org::eclipse::jdt::internal::core::CreateElementInCUOperation,0,9,142,9.44761
org::eclipse::jdt::internal::core::CreateFieldOperation,0,10,77,10.984
org::eclipse::jdt::internal::core::CreateImportOperation,0,8,83,15.9473
org::eclipse::jdt::internal::core::CreateInitializerOperation,0,7,59,8.7196
org::eclipse::jdt::internal::core::CreateMethodOperation,0,9,64,11.0281
org::eclipse::jdt::internal::core::CreatePackageDeclarationOperation,0,8,57,11.9751
org::eclipse::jdt::internal::core::CreatePackageFragmentOperation,0,9,83,14.8353
org::eclipse::jdt::internal::core::CreateTypeHierarchyOperation,0,1,35,2.50744
org::eclipse::jdt::internal::core::CreateTypeMemberOperation,1,8,126,15.0958
org::eclipse::jdt::internal::core::CreateTypeOperation,0,7,62,8.7196
org::eclipse::jdt::internal::core::DefaultWorkingCopyOwner,0,1,10,5.16293
org::eclipse::jdt::internal::core::DeleteElementsOperation,0,12,102,14.4964
org::eclipse::jdt::internal::core::DeletePackageFragmentRootOperation,0,3,120,10.025
org::eclipse::jdt::internal::core::DeleteResourceElementsOperation,0,10,90,9.5041
org::eclipse::jdt::internal::core::DeltaProcessingState,1,26,419,26.7583
org::eclipse::jdt::internal::core::DeltaProcessor,2,101,2116,41.3943
org::eclipse::jdt::internal::core::DiscardWorkingCopyOperation,0,6,41,5.25685
org::eclipse::jdt::internal::core::DocumentAdapter,0,1,12,1.70656
org::eclipse::jdt::internal::core::dom::NaiveASTFlattener,0,1,48,0
org::eclipse::jdt::internal::core::dom::rewrite::ASTRewriteAnalyzer,2,28,907,27.8882
org::eclipse::jdt::internal::core::dom::rewrite::ASTRewriteFlattener,0,8,92,10.8995
org::eclipse::jdt::internal::core::dom::rewrite::ASTRewriteFormatter,0,8,258,17.7564
org::eclipse::jdt::internal::core::dom::rewrite::ImportRewriteAnalyzer,1,7,606,7.07936
org::eclipse::jdt::internal::core::dom::rewrite::LineCommentEndOffsets,0,3,51,2.61009
org::eclipse::jdt::internal::core::dom::rewrite::LineInformation,0,0,10,2.36846
org::eclipse::jdt::internal::core::dom::rewrite::ListRewriteEvent,0,2,121,6.63337
org::eclipse::jdt::internal::core::dom::rewrite::NodeInfoStore,0,3,74,9.32465
org::eclipse::jdt::internal::core::dom::rewrite::NodeRewriteEvent,0,1,59,4.07501
org::eclipse::jdt::internal::core::dom::rewrite::RewriteEvent,0,0,0,4.07501
org::eclipse::jdt::internal::core::dom::rewrite::RewriteEventStore,0,6,474,10.7103
org::eclipse::jdt::internal::core::dom::rewrite::SourceModifier,0,1,18,9.12702
org::eclipse::jdt::internal::core::dom::rewrite::TokenScanner,0,2,78,9.17374
org::eclipse::jdt::internal::core::dom::rewrite::TrackedNodePosition,0,2,24,5.60179
org::eclipse::jdt::internal::core::ElementCache,0,4,36,8.14238
org::eclipse::jdt::internal::core::eval::EvaluationContextWrapper,0,2,195,10.302
org::eclipse::jdt::internal::core::eval::GlobalVariableWrapper,0,0,17,4.07501
org::eclipse::jdt::internal::core::eval::RequestorWrapper,0,4,36,8.6406
org::eclipse::jdt::internal::core::ExternalFolderChange,0,2,27,1.67023
org::eclipse::jdt::internal::core::ExternalFoldersManager,3,4,192,2.31501
org::eclipse::jdt::internal::core::ExternalJavaProject,0,4,29,4.4156
org::eclipse::jdt::internal::core::ExternalPackageFragmentRoot,0,5,56,2.27131
org::eclipse::jdt::internal::core::hierarchy::ChangeCollector,0,2,254,8.42439
org::eclipse::jdt::internal::core::hierarchy::HierarchyBinaryType,0,6,154,12.7841
org::eclipse::jdt::internal::core::hierarchy::HierarchyBuilder,0,12,242,14.4323
org::eclipse::jdt::internal::core::hierarchy::HierarchyResolver,0,36,629,27.7744
org::eclipse::jdt::internal::core::hierarchy::HierarchyType,0,0,17,6.26221
org::eclipse::jdt::internal::core::hierarchy::IndexBasedHierarchyBuilder,0,33,423,23.3337
org::eclipse::jdt::internal::core::hierarchy::RegionBasedHierarchyBuilder,0,7,156,8.94796
org::eclipse::jdt::internal::core::hierarchy::RegionBasedTypeHierarchy,0,9,103,9.05113
org::eclipse::jdt::internal::core::hierarchy::TypeHierarchy,1,27,1119,18.5538
org::eclipse::jdt::internal::core::ImportContainer,0,8,63,9.21502
org::eclipse::jdt::internal::core::ImportDeclaration,0,7,57,9.78944
org::eclipse::jdt::internal::core::ImportDeclarationElementInfo,0,3,0,5.33714
org::eclipse::jdt::internal::core::index::DiskIndex,0,40,1117,30.0415
org::eclipse::jdt::internal::core::index::EntryResult,0,2,56,9.22461
org::eclipse::jdt::internal::core::index::Index,1,18,134,16.1076
org::eclipse::jdt::internal::core::index::MemoryIndex,0,2,99,9.51627
org::eclipse::jdt::internal::core::Initializer,0,7,67,8.73596
org::eclipse::jdt::internal::core::InitializerElementInfo,0,0,0,4.07501
org::eclipse::jdt::internal::core::InternalNamingConventions,2,9,377,11.7427
org::eclipse::jdt::internal::core::JarEntryDirectory,0,1,32,1.28741
org::eclipse::jdt::internal::core::JarEntryFile,0,1,38,7.01353
org::eclipse::jdt::internal::core::JarEntryResource,0,2,57,1.08792
org::eclipse::jdt::internal::core::JarPackageFragment,0,6,127,11.6504
org::eclipse::jdt::internal::core::JarPackageFragmentInfo,0,1,3,4.07501
org::eclipse::jdt::internal::core::JarPackageFragmentRoot,0,19,185,16.2509
org::eclipse::jdt::internal::core::JarPackageFragmentRootInfo,0,2,4,6.5762
org::eclipse::jdt::internal::core::JavaCorePreferenceInitializer,0,22,73,19.5164
org::eclipse::jdt::internal::core::JavaCorePreferenceModifyListener,0,1,29,0
org::eclipse::jdt::internal::core::JavaElement,1,36,505,25.1307
org::eclipse::jdt::internal::core::JavaElementDelta,0,14,485,10.3083
org::eclipse::jdt::internal::core::JavaElementDeltaBuilder,0,8,354,11.7544
org::eclipse::jdt::internal::core::JavaElementInfo,0,3,47,6.65212
org::eclipse::jdt::internal::core::JavaElementRequestor,0,0,105,5.1154
org::eclipse::jdt::internal::core::JavaModel,1,28,235,16.4611
org::eclipse::jdt::internal::core::JavaModelCache,1,7,166,12.7614
org::eclipse::jdt::internal::core::JavaModelInfo,0,2,27,4.07501
org::eclipse::jdt::internal::core::JavaModelManager,9,141,2475,46.3868
org::eclipse::jdt::internal::core::JavaModelOperation,0,29,528,19.3262
org::eclipse::jdt::internal::core::JavaModelStatus,0,15,286,8.29601
org::eclipse::jdt::internal::core::JavaProject,4,128,1607,40.4352
org::eclipse::jdt::internal::core::JavaProjectElementInfo,1,25,251,22.3638
org::eclipse::jdt::internal::core::jdom::AbstractDOMBuilder,0,2,82,5.1154
org::eclipse::jdt::internal::core::jdom::CompilationUnit,0,0,30,4.07501
org::eclipse::jdt::internal::core::jdom::DOMBuilder,0,10,368,8.29017
org::eclipse::jdt::internal::core::jdom::DOMCompilationUnit,0,5,89,8.33084
org::eclipse::jdt::internal::core::jdom::DOMField,0,4,328,8.58816
org::eclipse::jdt::internal::core::jdom::DOMImport,0,4,62,6.92698
org::eclipse::jdt::internal::core::jdom::DOMInitializer,0,4,89,7.54777
org::eclipse::jdt::internal::core::jdom::DOMMember,0,2,146,6.49901
org::eclipse::jdt::internal::core::jdom::DOMMethod,0,6,404,8.87298
org::eclipse::jdt::internal::core::jdom::DOMNode,0,4,482,7.96737
org::eclipse::jdt::internal::core::jdom::DOMPackage,0,3,50,6.92698
org::eclipse::jdt::internal::core::jdom::DOMType,0,11,419,12.0518
org::eclipse::jdt::internal::core::jdom::SiblingEnumeration,0,1,13,5.1154
org::eclipse::jdt::internal::core::jdom::SimpleDOMBuilder,0,9,104,13.1641
org::eclipse::jdt::internal::core::LocalVariable,1,13,222,13.7497
org::eclipse::jdt::internal::core::LRUCacheEnumerator,0,0,11,5.07933
org::eclipse::jdt::internal::core::Member,0,19,312,11.6167
org::eclipse::jdt::internal::core::MemberElementInfo,0,2,18,5.19438
org::eclipse::jdt::internal::core::MemberValuePair,0,1,26,0
org::eclipse::jdt::internal::core::ModelUpdater,0,7,157,10.9499
org::eclipse::jdt::internal::core::MoveElementsOperation,0,2,9,6.92698
org::eclipse::jdt::internal::core::MovePackageFragmentRootOperation,0,3,231,8.31142
org::eclipse::jdt::internal::core::MoveResourceElementsOperation,0,2,9,6.92698
org::eclipse::jdt::internal::core::MultiOperation,0,3,165,6.9656
org::eclipse::jdt::internal::core::NamedMember,0,8,178,14.7371
org::eclipse::jdt::internal::core::NameLookup,0,35,691,24.7695
org::eclipse::jdt::internal::core::NonJavaResource,0,1,77,0
org::eclipse::jdt::internal::core::NullBuffer,0,1,3,1.06049
org::eclipse::jdt::internal::core::Openable,0,22,327,16.967
org::eclipse::jdt::internal::core::OpenableElementInfo,0,1,6,4.07501
org::eclipse::jdt::internal::core::OverflowingLRUCache,0,5,233,10.9911
org::eclipse::jdt::internal::core::PackageDeclaration,0,4,30,8.73596
org::eclipse::jdt::internal::core::PackageFragment,0,23,356,19.6881
org::eclipse::jdt::internal::core::PackageFragmentInfo,0,2,25,6.65212
org::eclipse::jdt::internal::core::PackageFragmentRoot,1,39,554,23.8259
org::eclipse::jdt::internal::core::PackageFragmentRootInfo,0,11,110,10.0996
org::eclipse::jdt::internal::core::ProjectReferenceChange,1,3,77,5.07652
org::eclipse::jdt::internal::core::ReconcileWorkingCopyOperation,0,31,190,25.6173
org::eclipse::jdt::internal::core::Region,0,2,89,7.25379
org::eclipse::jdt::internal::core::RenameElementsOperation,0,3,28,7.42989
org::eclipse::jdt::internal::core::RenameResourceElementsOperation,0,2,28,6.92698
org::eclipse::jdt::internal::core::ResolvedBinaryField,0,1,23,6.94335
org::eclipse::jdt::internal::core::ResolvedBinaryMethod,0,1,23,6.94335
org::eclipse::jdt::internal::core::ResolvedBinaryType,0,2,26,9.47399
org::eclipse::jdt::internal::core::ResolvedSourceField,0,2,23,9.52046
org::eclipse::jdt::internal::core::ResolvedSourceMethod,0,2,23,9.52046
org::eclipse::jdt::internal::core::ResolvedSourceType,0,4,26,9.59103
org::eclipse::jdt::internal::core::search::AbstractJavaSearchScope,0,1,0,0
org::eclipse::jdt::internal::core::search::AbstractSearchScope,0,1,12,6.86677
org::eclipse::jdt::internal::core::search::BasicSearchEngine,1,41,712,35.6225
org::eclipse::jdt::internal::core::search::HierarchyScope,0,6,240,11.8899
org::eclipse::jdt::internal::core::search::indexing::AbstractIndexer,0,8,137,13.5885
org::eclipse::jdt::internal::core::search::indexing::AddFolderToIndex,0,5,79,3.9771
org::eclipse::jdt::internal::core::search::indexing::AddJarFileToIndex,1,5,195,13.2788
org::eclipse::jdt::internal::core::search::indexing::BinaryIndexer,0,17,707,20.2507
org::eclipse::jdt::internal::core::search::indexing::IndexAllProject,0,10,207,12.1787
org::eclipse::jdt::internal::core::search::indexing::IndexBinaryFolder,0,3,122,10.9131
org::eclipse::jdt::internal::core::search::indexing::IndexingParser,0,1,31,1.29561
org::eclipse::jdt::internal::core::search::indexing::IndexManager,3,33,644,26.4736
org::eclipse::jdt::internal::core::search::indexing::IndexRequest,0,0,24,6.91346
org::eclipse::jdt::internal::core::search::indexing::InternalSearchDocument,1,4,16,11.8809
org::eclipse::jdt::internal::core::search::indexing::ReadWriteMonitor,0,0,52,4.07501
org::eclipse::jdt::internal::core::search::indexing::RemoveFolderFromIndex,0,6,49,7.96225
org::eclipse::jdt::internal::core::search::indexing::RemoveFromIndex,0,1,25,4.07501
org::eclipse::jdt::internal::core::search::indexing::SaveIndex,0,0,30,4.07501
org::eclipse::jdt::internal::core::search::indexing::SourceIndexer,1,10,35,13.2934
org::eclipse::jdt::internal::core::search::indexing::SourceIndexerRequestor,0,20,235,20.5292
org::eclipse::jdt::internal::core::search::IndexQueryRequestor,0,1,0,5.33714
org::eclipse::jdt::internal::core::search::IndexSelector,1,12,145,15.8578
org::eclipse::jdt::internal::core::search::JavaSearchDocument,0,3,51,8.50582
org::eclipse::jdt::internal::core::search::JavaSearchParticipant,0,3,46,9.08309
org::eclipse::jdt::internal::core::search::JavaSearchScope,1,34,289,34.0926
org::eclipse::jdt::internal::core::search::JavaSearchTypeNameMatch,0,1,35,0
org::eclipse::jdt::internal::core::search::JavaWorkspaceScope,0,8,155,13.1836
org::eclipse::jdt::internal::core::search::matching::AndLocator,0,2,74,2.57538
org::eclipse::jdt::internal::core::search::matching::AndPattern,1,4,50,13.8528
org::eclipse::jdt::internal::core::search::matching::ClassFileMatchLocator,1,15,462,23.0053
org::eclipse::jdt::internal::core::search::matching::ClasspathSourceDirectory,0,7,72,10.7589
org::eclipse::jdt::internal::core::search::matching::ConstructorLocator,1,12,222,15.1101
org::eclipse::jdt::internal::core::search::matching::ConstructorPattern,1,15,154,21.3849
org::eclipse::jdt::internal::core::search::matching::DeclarationOfAccessedFieldsPattern,1,3,7,7.82832
org::eclipse::jdt::internal::core::search::matching::DeclarationOfReferencedMethodsPattern,1,4,7,8.4491
org::eclipse::jdt::internal::core::search::matching::DeclarationOfReferencedTypesPattern,1,5,7,5.04743
org::eclipse::jdt::internal::core::search::matching::FieldLocator,1,24,274,22.2053
org::eclipse::jdt::internal::core::search::matching::FieldPattern,1,11,63,8.96672
org::eclipse::jdt::internal::core::search::matching::ImportMatchLocatorParser,0,2,28,2.80457
org::eclipse::jdt::internal::core::search::matching::InternalReferenceMatch,1,1,6,0
org::eclipse::jdt::internal::core::search::matching::InternalSearchPattern,1,4,64,9.52687
org::eclipse::jdt::internal::core::search::matching::IntersectingPattern,1,2,49,2.50899
org::eclipse::jdt::internal::core::search::matching::JavaSearchNameEnvironment,0,10,140,10.3262
org::eclipse::jdt::internal::core::search::matching::JavaSearchPattern,1,21,306,17.1181
org::eclipse::jdt::internal::core::search::matching::LocalVariableLocator,1,6,65,11.6607
org::eclipse::jdt::internal::core::search::matching::LocalVariablePattern,0,8,43,11.3437
org::eclipse::jdt::internal::core::search::matching::MatchingNodeSet,0,9,149,9.33444
org::eclipse::jdt::internal::core::search::matching::MatchLocator,5,135,1531,42.2808
org::eclipse::jdt::internal::core::search::matching::MatchLocatorParser,0,36,681,17.5678
org::eclipse::jdt::internal::core::search::matching::MemberDeclarationVisitor,0,1,142,0
org::eclipse::jdt::internal::core::search::matching::MethodLocator,3,57,526,33.9297
org::eclipse::jdt::internal::core::search::matching::MethodPattern,1,23,180,19.2708
org::eclipse::jdt::internal::core::search::matching::MultiTypeDeclarationPattern,1,10,146,12.7087
org::eclipse::jdt::internal::core::search::matching::OrLocator,0,8,124,11.2897
org::eclipse::jdt::internal::core::search::matching::OrPattern,1,6,69,7.86064
org::eclipse::jdt::internal::core::search::matching::PackageDeclarationLocator,0,0,11,4.07501
org::eclipse::jdt::internal::core::search::matching::PackageDeclarationPattern,1,2,17,5.11213
org::eclipse::jdt::internal::core::search::matching::PackageReferenceLocator,3,26,256,22.443
org::eclipse::jdt::internal::core::search::matching::PackageReferencePattern,1,11,40,9.78677
org::eclipse::jdt::internal::core::search::matching::PatternLocator,1,44,580,30.3272
org::eclipse::jdt::internal::core::search::matching::PossibleMatch,0,13,112,12.2134
org::eclipse::jdt::internal::core::search::matching::PossibleMatchSet,0,1,37,6.63337
org::eclipse::jdt::internal::core::search::matching::QualifiedTypeDeclarationPattern,1,10,100,15.52
org::eclipse::jdt::internal::core::search::matching::SecondaryTypeDeclarationPattern,1,1,13,0
org::eclipse::jdt::internal::core::search::matching::SuperTypeNamesCollector,0,14,162,9.38026
org::eclipse::jdt::internal::core::search::matching::SuperTypeReferenceLocator,1,4,67,10.0398
org::eclipse::jdt::internal::core::search::matching::SuperTypeReferencePattern,1,11,214,12.566
org::eclipse::jdt::internal::core::search::matching::TypeDeclarationLocator,1,2,69,7.90701
org::eclipse::jdt::internal::core::search::matching::TypeDeclarationPattern,1,16,240,17.658
org::eclipse::jdt::internal::core::search::matching::TypeParameterLocator,1,1,57,1.70656
org::eclipse::jdt::internal::core::search::matching::TypeParameterPattern,0,6,61,10.0345
org::eclipse::jdt::internal::core::search::matching::TypeReferenceLocator,2,40,343,29.3011
org::eclipse::jdt::internal::core::search::matching::TypeReferencePattern,1,21,54,11.9023
org::eclipse::jdt::internal::core::search::matching::VariableLocator,1,2,36,6.43425
org::eclipse::jdt::internal::core::search::matching::VariablePattern,0,4,34,8.89835
org::eclipse::jdt::internal::core::search::PathCollector,0,1,12,6.37753
org::eclipse::jdt::internal::core::search::PatternSearchJob,0,8,75,12.9551
org::eclipse::jdt::internal::core::search::processing::JobManager,0,16,383,17.3722
org::eclipse::jdt::internal::core::search::SubTypeSearchJob,0,2,24,10.199
org::eclipse::jdt::internal::core::search::TypeNameMatchRequestorWrapper,0,8,121,7.96959
org::eclipse::jdt::internal::core::search::TypeNameRequestorWrapper,0,5,6,8.18073
org::eclipse::jdt::internal::core::SearchableEnvironment,1,27,144,20.8131
org::eclipse::jdt::internal::core::SearchableEnvironmentRequestor,0,7,44,8.27771
org::eclipse::jdt::internal::core::SelectionRequestor,0,26,781,21.0102
org::eclipse::jdt::internal::core::SetClasspathOperation,1,32,44,21.493
org::eclipse::jdt::internal::core::SetContainerOperation,0,5,167,6.98868
org::eclipse::jdt::internal::core::SetVariablesOperation,0,4,152,4.11229
org::eclipse::jdt::internal::core::SimpleDelta,0,2,44,4.07501
org::eclipse::jdt::internal::core::SingleTypeRequestor,0,0,27,4.07501
org::eclipse::jdt::internal::core::SortElementsOperation,0,14,281,16.5532
org::eclipse::jdt::internal::core::SourceAnnotationMethodInfo,0,3,3,8.66785
org::eclipse::jdt::internal::core::SourceConstructorInfo,0,0,13,4.07501
org::eclipse::jdt::internal::core::SourceField,0,13,120,11.9865
org::eclipse::jdt::internal::core::SourceFieldElementInfo,0,3,12,8.12446
org::eclipse::jdt::internal::core::SourceMapper,1,48,909,26.5196
org::eclipse::jdt::internal::core::SourceMethod,0,17,222,17.5057
org::eclipse::jdt::internal::core::SourceMethodElementInfo,0,3,34,8.12446
org::eclipse::jdt::internal::core::SourceMethodInfo,0,0,12,4.07501
org::eclipse::jdt::internal::core::SourceRange,0,1,28,5.26021
org::eclipse::jdt::internal::core::SourceRefElement,0,15,171,14.9873
org::eclipse::jdt::internal::core::SourceRefElementInfo,0,0,15,4.07501
org::eclipse::jdt::internal::core::SourceType,0,36,480,23.0587
org::eclipse::jdt::internal::core::SourceTypeElementInfo,0,7,193,11.8043
org::eclipse::jdt::internal::core::TypeParameter,0,5,57,12.1917
org::eclipse::jdt::internal::core::TypeParameterElementInfo,0,0,0,4.07501
org::eclipse::jdt::internal::core::TypeVector,0,0,78,4.07501
org::eclipse::jdt::internal::core::UserLibrary,0,9,141,16.4146
org::eclipse::jdt::internal::core::UserLibraryClasspathContainer,0,3,35,6.78997
org::eclipse::jdt::internal::core::UserLibraryClasspathContainerInitializer,0,3,52,7.56809
org::eclipse::jdt::internal::core::UserLibraryManager,0,6,128,12.236
org::eclipse::jdt::internal::core::util::Annotation,0,1,42,4.07501
org::eclipse::jdt::internal::core::util::AnnotationComponent,0,0,27,4.07501
org::eclipse::jdt::internal::core::util::AnnotationComponentValue,0,2,131,5.00863
org::eclipse::jdt::internal::core::util::AnnotationDefaultAttribute,0,0,7,4.07501
org::eclipse::jdt::internal::core::util::ASTNodeFinder,0,3,129,5.19438
org::eclipse::jdt::internal::core::util::BindingKeyParser,0,24,423,20.0781
org::eclipse::jdt::internal::core::util::BindingKeyResolver,0,27,435,27.8349
org::eclipse::jdt::internal::core::util::CharArrayBuffer,0,1,35,6.60309
org::eclipse::jdt::internal::core::util::ClassFileAttribute,0,0,18,4.07501
org::eclipse::jdt::internal::core::util::ClassFileReader,0,5,285,10.091
org::eclipse::jdt::internal::core::util::ClassFileStruct,0,0,85,4.07501
org::eclipse::jdt::internal::core::util::CodeAttribute,1,4,1081,10.1694
org::eclipse::jdt::internal::core::util::CodeSnippetParsingUtil,0,13,152,11.1327
org::eclipse::jdt::internal::core::util::CommentRecorderParser,1,24,193,15.1859
org::eclipse::jdt::internal::core::util::CommentRecorderScanner,1,0,10,4.07501
org::eclipse::jdt::internal::core::util::ConstantPool,0,0,72,4.07501
org::eclipse::jdt::internal::core::util::ConstantPoolEntry,0,1,169,5.08455
org::eclipse::jdt::internal::core::util::ConstantValueAttribute,0,0,11,4.07501
org::eclipse::jdt::internal::core::util::DefaultBytecodeVisitor,2,9,1585,13.7363
org::eclipse::jdt::internal::core::util::DefaultStackMapFrame,0,2,51,3.58477
org::eclipse::jdt::internal::core::util::Disassembler,1,33,629,34.1638
org::eclipse::jdt::internal::core::util::DOMFinder,0,3,28,6.07783
org::eclipse::jdt::internal::core::util::EnclosingMethodAttribute,0,0,50,4.07501
org::eclipse::jdt::internal::core::util::ExceptionAttribute,0,3,31,5.40022
org::eclipse::jdt::internal::core::util::ExceptionTableEntry,0,0,28,4.07501
org::eclipse::jdt::internal::core::util::FieldInfo,0,1,92,4.07501
org::eclipse::jdt::internal::core::util::HandleFactory,0,20,200,12.8587
org::eclipse::jdt::internal::core::util::HashSetOfArray,0,1,109,1.29561
org::eclipse::jdt::internal::core::util::HashSetOfCharArrayArray,0,1,118,0
org::eclipse::jdt::internal::core::util::HashtableOfArrayToObject,0,1,144,5.15795
org::eclipse::jdt::internal::core::util::InnerClassesAttribute,0,1,21,4.07501
org::eclipse::jdt::internal::core::util::InnerClassesAttributeEntry,0,0,49,4.07501
org::eclipse::jdt::internal::core::util::JavaElementFinder,0,1,89,0
org::eclipse::jdt::internal::core::util::KeyKind,0,7,53,10.4506
org::eclipse::jdt::internal::core::util::KeyToSignature,0,18,258,14.3292
org::eclipse::jdt::internal::core::util::LineNumberAttribute,0,0,23,4.07501
org::eclipse::jdt::internal::core::util::LocalVariableAttribute,0,0,21,4.07501
org::eclipse::jdt::internal::core::util::LocalVariableTableEntry,0,0,38,4.07501
org::eclipse::jdt::internal::core::util::LocalVariableTypeAttribute,0,0,21,4.07501
org::eclipse::jdt::internal::core::util::LocalVariableTypeTableEntry,0,0,38,4.07501
org::eclipse::jdt::internal::core::util::LRUCache,0,2,276,9.45026
org::eclipse::jdt::internal::core::util::MementoTokenizer,0,2,80,8.16696
org::eclipse::jdt::internal::core::util::Messages,1,17,6,19.8025
org::eclipse::jdt::internal::core::util::MethodInfo,0,3,123,4.8759
org::eclipse::jdt::internal::core::util::ParameterAnnotation,0,1,25,5.53745
org::eclipse::jdt::internal::core::util::PublicScanner,0,43,3449,24.6219
org::eclipse::jdt::internal::core::util::RecordedParsingInformation,0,5,12,4.08525
org::eclipse::jdt::internal::core::util::ReferenceInfoAdapter,0,1,18,6.8559
org::eclipse::jdt::internal::core::util::ResourceCompilationUnit,0,3,15,5.2415
org::eclipse::jdt::internal::core::util::RuntimeInvisibleAnnotationsAttribute,0,0,22,4.07501
org::eclipse::jdt::internal::core::util::RuntimeInvisibleParameterAnnotationsAttribute,0,0,22,4.07501
org::eclipse::jdt::internal::core::util::RuntimeVisibleAnnotationsAttribute,0,0,22,4.07501
org::eclipse::jdt::internal::core::util::RuntimeVisibleParameterAnnotationsAttribute,0,0,22,4.07501
org::eclipse::jdt::internal::core::util::SignatureAttribute,0,0,16,4.07501
org::eclipse::jdt::internal::core::util::SimpleDocument,0,0,145,5.1154
org::eclipse::jdt::internal::core::util::SimpleWordSet,0,1,43,4.07501
org::eclipse::jdt::internal::core::util::SourceFileAttribute,0,0,15,4.07501
org::eclipse::jdt::internal::core::util::StackMapAttribute,0,1,33,2.26443
org::eclipse::jdt::internal::core::util::StackMapFrame,0,1,127,4.23122
org::eclipse::jdt::internal::core::util::StackMapTableAttribute,0,1,33,2.64277
org::eclipse::jdt::internal::core::util::ToStringSorter,0,0,42,7.6074
org::eclipse::jdt::internal::core::util::Util,4,68,1892,42.8108
org::eclipse::jdt::internal::core::util::VerificationInfo,0,0,37,2.36846
org::eclipse::jdt::internal::core::util::WeakHashSet,0,1,143,3.76257
org::eclipse::jdt::internal::core::util::WeakHashSetOfCharArray,0,1,144,2.27054
org::eclipse::jdt::internal::core::VerboseElementCache,0,0,27,1.35903
org::eclipse::jdt::internal::core::XMLWriter,0,4,3,10.5335
org::eclipse::jdt::internal::eval::CodeSnippetAllocationExpression,1,13,184,11.2364
org::eclipse::jdt::internal::eval::CodeSnippetClassFile,1,12,166,19.6547
org::eclipse::jdt::internal::eval::CodeSnippetCompiler,0,3,24,6.40012
org::eclipse::jdt::internal::eval::CodeSnippetEnvironment,0,1,17,4.07501
org::eclipse::jdt::internal::eval::CodeSnippetEvaluator,0,8,144,8.15196
org::eclipse::jdt::internal::eval::CodeSnippetFieldReference,0,6,336,11.7816
org::eclipse::jdt::internal::eval::CodeSnippetMessageSend,2,12,311,16.9073
org::eclipse::jdt::internal::eval::CodeSnippetParser,0,15,673,13.596
org::eclipse::jdt::internal::eval::CodeSnippetQualifiedNameReference,2,9,551,14.4405
org::eclipse::jdt::internal::eval::CodeSnippetReturnStatement,1,3,101,7.10146
org::eclipse::jdt::internal::eval::CodeSnippetScope,2,11,308,20.7216
org::eclipse::jdt::internal::eval::CodeSnippetSingleNameReference,2,16,591,17.8868
org::eclipse::jdt::internal::eval::CodeSnippetSkeleton,0,8,66,13.175
org::eclipse::jdt::internal::eval::CodeSnippetSuperReference,0,1,25,10.8205
org::eclipse::jdt::internal::eval::CodeSnippetThisReference,0,2,75,7.79015
org::eclipse::jdt::internal::eval::CodeSnippetToCuMapper,0,17,233,14.5431
org::eclipse::jdt::internal::eval::CodeSnippetTypeDeclaration,0,3,56,7.94507
org::eclipse::jdt::internal::eval::EvaluationContext,0,16,332,14.7972
org::eclipse::jdt::internal::eval::EvaluationResult,0,2,99,4.08525
org::eclipse::jdt::internal::eval::Evaluator,0,9,104,6.62518
org::eclipse::jdt::internal::eval::GlobalVariable,0,0,26,4.07501
org::eclipse::jdt::internal::eval::InstallException,0,0,3,4.07501
org::eclipse::jdt::internal::eval::VariablesEvaluator,0,4,255,9.14442
org::eclipse::jdt::internal::eval::VariablesInfo,0,1,25,4.07501
org::eclipse::jdt::internal::formatter::AbortFormatting,0,0,4,1.70656
org::eclipse::jdt::internal::formatter::align::Alignment,0,18,270,10.6845
org::eclipse::jdt::internal::formatter::align::AlignmentException,0,0,21,1.70656
org::eclipse::jdt::internal::formatter::BinaryExpressionFragmentBuilder,0,9,42,7.58317
org::eclipse::jdt::internal::formatter::CascadingMethodInvocationFragmentBuilder,0,4,26,2.71087
org::eclipse::jdt::internal::formatter::CodeFormatterVisitor,2,132,1248,38.6091
org::eclipse::jdt::internal::formatter::comment::CommentFormatterUtil,0,2,55,2.36846
org::eclipse::jdt::internal::formatter::comment::CommentLine,0,1,149,4.39643
org::eclipse::jdt::internal::formatter::comment::CommentRange,0,2,136,4.22835
org::eclipse::jdt::internal::formatter::comment::CommentRegion,0,4,269,7.2605
org::eclipse::jdt::internal::formatter::comment::HTMLEntity2JavaReader,0,4,44,3.17525
org::eclipse::jdt::internal::formatter::comment::Java2HTMLEntityReader,0,4,50,3.80102
org::eclipse::jdt::internal::formatter::comment::JavaDocLine,0,1,15,2.36846
org::eclipse::jdt::internal::formatter::comment::JavaDocRegion,0,6,231,10.7828
org::eclipse::jdt::internal::formatter::comment::MultiCommentLine,0,2,276,4.13043
org::eclipse::jdt::internal::formatter::comment::MultiCommentRegion,0,4,121,6.03322
org::eclipse::jdt::internal::formatter::comment::SingleCommentLine,0,1,48,2.36846
org::eclipse::jdt::internal::formatter::comment::SubstitutionTextReader,0,4,81,3.17525
org::eclipse::jdt::internal::formatter::DefaultCodeFormatter,0,31,370,26.0554
org::eclipse::jdt::internal::formatter::DefaultCodeFormatterOptions,2,63,2140,24.8471
org::eclipse::jdt::internal::formatter::FormatJavadoc,0,3,27,1.15638
org::eclipse::jdt::internal::formatter::FormatJavadocBlock,0,8,238,1.84991
org::eclipse::jdt::internal::formatter::FormatJavadocNode,0,6,27,1.15638
org::eclipse::jdt::internal::formatter::FormatJavadocReference,0,3,10,1.15638
org::eclipse::jdt::internal::formatter::FormatJavadocText,0,7,197,1.69533
org::eclipse::jdt::internal::formatter::FormatterCommentParser,5,17,495,2.62803
org::eclipse::jdt::internal::formatter::Location,0,13,16,4.55853
org::eclipse::jdt::internal::formatter::old::CodeFormatter,0,5,131,7.25753
org::eclipse::jdt::internal::formatter::OptimizedReplaceEdit,0,1,8,2.96868
org::eclipse::jdt::internal::formatter::Scribe,9,102,3184,36.1202
